Usuario,Nombre,Telefono,Inicio,Meses,Final,Anuncio
6035870604,Owen,6360618087,2024-06-27,7,2024-07-27,0
7897798455,Hailey,8386451897,2024-06-21,2,2024-07-21,0
6425867701,Carlos,1942480872,2024-06-21,3,2024-07-21,0
1859681921,Dainton,4713630203,2024-06-19,14,2024-07-19,0
8900945081,Nicholas,2939969406,2024-06-18,15,2024-07-18,0
5718631715,Camila,2201547224,2024-06-11,12,2024-07-11,0
9624712588,Kellan,2158455216,2024-06-11,7,2024-07-11,0
6781389409,Lucy,6560385484,2024-06-07,18,2024-07-07,0
9357643836,Justin,6899148939,2024-06-07,2,2024-07-07,0
9385418578,Edwin,6195712555,2024-06-05,1,2024-11-05,0
4173688770,Honey,7284487404,2024-05-31,15,2024-06-30,1
7732112644,Alford,4978767465,2024-05-31,3,2024-06-30,1
3885547726,Edwin,4313074842,2024-05-31,20,2024-07-31,0
2172698312,Kimberly,7555188717,2024-05-30,2,2024-08-30,0
3276130560,Eric,5193135435,2023-10-04,19,2025-04-04,0
6432561629,Justin,4201658190,2020-10-04,16,2150-04-04,0
6253619731,Jared,1886205025,2020-10-04,13,2155-04-04,0
8399073891,Kimberly,4882049427,2020-10-04,1,2155-04-04,0
3820409826,Maya,5084698002,2024-06-28,13,2155-02-18,0
1814323932,Haris,8142364153,2024-06-28,15,2024-07-28,0
8738696508,Camila,9505175165,2024-06-22,6,2024-07-22,0
2908775510,Chloe,2689413214,2024-06-22,6,2024-07-22,0
5251578876,Stuart,1773552022,2024-06-20,3,2024-07-20,0
4229179846,Mike,7163146188,2024-06-19,9,2024-07-19,0
6908825524,Brooke,3866682639,2024-06-12,6,2024-07-12,0
1057747358,Carina,4109562774,2024-06-12,11,2024-07-12,0
6022528217,Edwin,1742558318,2024-06-08,4,2024-07-08,0
2589922256,Isabella,5284893694,2024-06-08,19,2024-07-08,0
6931480440,Julian,5711312159,2024-06-06,12,2024-11-06,0
2400621004,Aston,7382585629,2024-06-01,15,2024-07-01,0
7611017382,Leonardo,3147957941,2024-06-01,7,2024-07-01,0
7720067705,Brianna,7628594476,2024-06-01,5,2024-08-01,0
7639363440,Elian,9209873397,2024-05-31,12,2024-08-31,0
5667754051,Blake,5035792462,2023-10-05,9,2025-04-05,0
3572136309,Paul,5239921846,2020-10-05,18,2150-04-05,0
9749415383,Stuart,1832464070,2020-10-05,16,2155-04-05,0
9671711115,Aldus,4158849998,2020-10-05,13,2155-04-05,0
3361956085,Michelle,2537405344,2024-06-29,18,2155-02-19,0
9461287770,Cadie,4359778690,2024-06-29,9,2024-07-29,0
3947315080,Brooke,5849726205,2024-06-23,14,2024-07-23,0
7148559024,Violet,1842382222,2024-06-23,16,2024-07-23,0
7610675948,Julia,3096439261,2024-06-21,1,2024-07-21,0
1196504709,Eddy,4245179152,2024-06-20,18,2024-07-20,0
2082280727,Belinda,3864314519,2024-06-13,20,2024-07-13,0
3992330009,Alan,1164533641,2024-06-13,2,2024-07-13,0
5923099628,Camila,1533374150,2024-06-09,9,2024-07-09,0
8123709393,Brianna,8623550594,2024-06-09,19,2024-07-09,0
4127606740,Oliver,1489255927,2024-06-07,2,2024-11-07,0
3327022047,Ada,9522036985,2024-06-02,11,2024-07-02,0
4047598619,James,4520154661,2024-06-02,11,2024-07-02,0
8602984447,Ashton,8687259678,2024-06-02,16,2024-08-02,0
3674348622,Michael,2670415488,2024-06-01,9,2024-09-01,0
2332113681,Clark,4257949276,2023-10-06,15,2025-04-06,0
7946634892,Lenny,2076107697,2020-10-06,12,2150-04-06,0
7469760558,Aida,8281767456,2020-10-06,3,2155-04-06,0
1005852912,Ashton,6441304834,2020-10-06,3,2155-04-06,0
9492285196,Robert,7161131446,2024-06-30,12,2155-02-20,0
9505056772,Kristian,7873874490,2024-06-30,10,2024-07-30,0
6073224980,Chester,9248669760,2024-06-24,7,2024-07-24,0
2186864218,Connie,7194306096,2024-06-24,11,2024-07-24,0
4247528925,Rebecca,3563808769,2024-06-22,15,2024-07-22,0
4391764541,Miranda,6579421353,2024-06-21,8,2024-07-21,0
9564253829,Steven,9531263274,2024-06-14,7,2024-07-14,0
2235044160,Reid,1296571892,2024-06-14,15,2024-07-14,0
1802843119,Dexter,5325700215,2024-06-10,11,2024-07-10,0
1317443305,Robert,6571682663,2024-06-10,9,2024-07-10,0
6158655521,Max,4134664320,2024-06-08,14,2024-11-08,0
6417604042,Nicholas,9699649635,2024-06-03,18,2024-07-03,0
8444778834,Kelvin,6975763388,2024-06-03,3,2024-07-03,0
2055763296,Brianna,8431823440,2024-06-03,17,2024-08-03,0
1827332228,Chelsea,4700757244,2024-06-02,17,2024-09-02,0
5211216963,Aiden,9122858141,2023-10-07,11,2025-04-07,0
2291200190,Alfred,3705732918,2020-10-07,16,2150-04-07,0
5198078016,Deanna,3853939949,2020-10-07,13,2155-04-07,0
9753816838,Natalie,2454363728,2020-10-07,5,2155-04-07,0
2383994166,Agata,6627569170,2024-07-01,16,2155-02-21,0
2320863377,Antony,3800820914,2024-07-01,7,2024-07-31,0
2183206376,Maximilian,7471538809,2024-06-25,11,2024-07-25,0
8164606585,Savana,5996790369,2024-06-25,16,2024-07-25,0
3140229570,Annabella,5090337307,2024-06-23,2,2024-07-23,0
6368220132,Blake,8128488718,2024-06-22,16,2024-07-22,0
5201938073,Blake,6015178744,2024-06-15,1,2024-07-15,0
9140879999,Emma,6788897302,2024-06-15,9,2024-07-15,0
6309093399,Emma,6570503998,2024-06-11,15,2024-07-11,0
2774932101,Ada,9434564961,2024-06-11,1,2024-07-11,0
4658585821,Jack,4127589054,2024-06-09,18,2024-11-09,0
7068526855,Camila,4575233793,2024-06-04,17,2024-07-04,0
2113531898,Dominik,1237548467,2024-06-04,3,2024-07-04,0
6110982638,Sam,3664506876,2024-06-04,10,2024-08-04,0
2266617546,Kellan,4660983148,2024-06-03,8,2024-09-03,0
1888875356,Fiona,3398723664,2023-10-08,12,2025-04-08,0
2791641712,Fiona,4452559733,2020-10-08,12,2150-04-08,0
2311024457,Maya,3786899474,2020-10-08,6,2155-04-08,0
2821247258,Antony,6504130946,2020-10-08,1,2155-04-08,0
4266058073,Adele,6220988845,2024-07-02,8,2155-02-22,0
7101149173,Byron,7808302907,2024-07-02,16,2024-08-01,0
5028063206,Eddy,6443686060,2024-06-26,16,2024-07-26,0
5441103664,Carina,2230352057,2024-06-26,18,2024-07-26,0
5457102931,Penelope,4261883721,2024-06-24,1,2024-07-24,0
